<?xml version="1.0" encoding="utf-8"?>
<Menu xmlns:xsi="http://www.w3.org/2001/XMLSchema-instance" xmlns:xsd="http://www.w3.org/2001/XMLSchema" SupportedProduct="|SharePoint" SupportedVersion="|V1.0|">
<Item text="SharePoint Framework Reference" url="spdx" SEODescription="Reference documentation for the SharePoint Framework">

<Item text="sp-application-base" url="spdx/sp-application-base-module" SEODescription="">
<Item text="Classes" url="spdx/sp-application-base" SEODescription="">
<Item text="ApplicationCustomizerContext" url="spdx/sp-application-base.api/class/applicationcustomizercontext" SEODescription=""/>
<Item text="BaseApplicationCustomizer" url="spdx/sp-application-base.api/class/baseapplicationcustomizer" SEODescription=""/>
<Item text="Placeholder" url="spdx/sp-application-base.api/class/placeholder" SEODescription=""/>
<Item text="PlaceholderCollection" url="spdx/sp-application-base.api/class/placeholdercollection" SEODescription=""/>
</Item>
<Item text="Interfaces" url="spdx/sp-application-base" SEODescription="">
<Item text="IBaseApplicationCustomizerProperties" url="spdx/sp-application-base.api/interface/ibaseapplicationcustomizerproperties" SEODescription=""/>
<Item text="IPlaceholderAttachOptions" url="spdx/sp-application-base.api/interface/iplaceholderattachoptions" SEODescription=""/>
</Item>
</Item>
<Item text="sp-loader" url="spdx/sp-loader-module" SEODescription="">
<Item text="Classes" url="spdx/sp-loader" SEODescription="">
<Item text="SPComponentLoader" url="spdx/sp-loader.api/class/spcomponentloader" SEODescription=""/>
</Item>
<Item text="Interfaces" url="spdx/sp-loader" SEODescription="">
<Item text="ILoadScriptOptions" url="spdx/sp-loader.api/interface/iloadscriptoptions" SEODescription=""/>
<Item text="ISPComponentLoader" url="spdx/sp-loader.api/interface/ispcomponentloader" SEODescription=""/>
</Item>
</Item>
<Item text="sp-odata-types" url="spdx/sp-odata-types-module" SEODescription="">
<Item text="Interfaces" url="spdx/sp-odata-types" SEODescription="">
<Item text="IODataBasePermission" url="spdx/sp-odata-types.api/interface/iodatabasepermission" SEODescription=""/>
<Item text="IODataChangeToken" url="spdx/sp-odata-types.api/interface/iodatachangetoken" SEODescription=""/>
<Item text="IODataContextWebInformation" url="spdx/sp-odata-types.api/interface/iodatacontextwebinformation" SEODescription=""/>
<Item text="IODataList" url="spdx/sp-odata-types.api/interface/iodatalist" SEODescription=""/>
<Item text="IODataListItem" url="spdx/sp-odata-types.api/interface/iodatalistitem" SEODescription=""/>
<Item text="IODataNavigationNode" url="spdx/sp-odata-types.api/interface/iodatanavigationnode" SEODescription=""/>
<Item text="IODataNavigationNodeCollection" url="spdx/sp-odata-types.api/interface/iodatanavigationnodecollection" SEODescription=""/>
<Item text="IODataUser" url="spdx/sp-odata-types.api/interface/iodatauser" SEODescription=""/>
<Item text="IODataWeb" url="spdx/sp-odata-types.api/interface/iodataweb" SEODescription=""/>
</Item>
</Item>
<Item text="sp-page-context" url="spdx/sp-page-context-module" SEODescription="">
<Item text="Classes" url="spdx/sp-page-context" SEODescription="">
<Item text="CultureInfo" url="spdx/sp-page-context.api/class/cultureinfo" SEODescription=""/>
<Item text="PageContext" url="spdx/sp-page-context.api/class/pagecontext" SEODescription=""/>
<Item text="SPList" url="spdx/sp-page-context.api/class/splist" SEODescription=""/>
<Item text="SPListItem" url="spdx/sp-page-context.api/class/splistitem" SEODescription=""/>
<Item text="SPPermission" url="spdx/sp-page-context.api/class/sppermission" SEODescription=""/>
<Item text="SPSite" url="spdx/sp-page-context.api/class/spsite" SEODescription=""/>
<Item text="SPUser" url="spdx/sp-page-context.api/class/spuser" SEODescription=""/>
<Item text="SPWeb" url="spdx/sp-page-context.api/class/spweb" SEODescription=""/>
</Item>
</Item>
<Item text="sp-core-library" url="spdx/sp-core-library-module" SEODescription="">
<Item text="Classes" url="spdx/sp-core-library" SEODescription="">
<Item text="Environment" url="spdx/sp-core-library.api/class/environment" SEODescription=""/>
<Item text="Guid" url="spdx/sp-core-library.api/class/guid" SEODescription=""/>
<Item text="Log" url="spdx/sp-core-library.api/class/log" SEODescription=""/>
<Item text="RandomNumberGenerator" url="spdx/sp-core-library.api/class/randomnumbergenerator" SEODescription=""/>
<Item text="ServiceKey" url="spdx/sp-core-library.api/class/servicekey" SEODescription=""/>
<Item text="ServiceScope" url="spdx/sp-core-library.api/class/servicescope" SEODescription=""/>
<Item text="Session" url="spdx/sp-core-library.api/class/session" SEODescription=""/>
<Item text="Text" url="spdx/sp-core-library.api/class/text" SEODescription=""/>
<Item text="TimeProvider" url="spdx/sp-core-library.api/class/timeprovider" SEODescription=""/>
<Item text="UrlQueryParameterCollection" url="spdx/sp-core-library.api/class/urlqueryparametercollection" SEODescription=""/>
<Item text="Validate" url="spdx/sp-core-library.api/class/validate" SEODescription=""/>
<Item text="Version" url="spdx/sp-core-library.api/class/version" SEODescription=""/>
</Item>
<Item text="Enumerations" url="spdx/sp-core-library" SEODescription="">
<Item text="DisplayMode" url="spdx/sp-core-library.api/enum/displaymode" SEODescription=""/>
<Item text="EnvironmentType" url="spdx/sp-core-library.api/enum/environmenttype" SEODescription=""/>
</Item>
<Item text="Interfaces" url="spdx/sp-core-library" SEODescription="">
<Item text="IRandomNumberGenerator" url="spdx/sp-core-library.api/interface/irandomnumbergenerator" SEODescription=""/>
<Item text="IServiceCollection" url="spdx/sp-core-library.api/interface/iservicecollection" SEODescription=""/>
<Item text="ITimeProvider" url="spdx/sp-core-library.api/interface/itimeprovider" SEODescription=""/>
</Item>
</Item>
<Item text="sp-component-base" url="spdx/sp-component-base-module" SEODescription="">
<Item text="Interfaces" url="spdx/sp-component-base" SEODescription="">
<Item text="IClientSideComponentContext" url="spdx/sp-component-base.api/interface/iclientsidecomponentcontext" SEODescription=""/>
</Item>
</Item>
<Item text="sp-listview-extensibility" url="spdx/sp-listview-extensibility-module" SEODescription="">
<Item text="Classes" url="spdx/sp-listview-extensibility" SEODescription="">
<Item text="BaseFieldCustomizer" url="spdx/sp-listview-extensibility.api/class/basefieldcustomizer" SEODescription=""/>
<Item text="BaseListViewCommandSet" url="spdx/sp-listview-extensibility.api/class/baselistviewcommandset" SEODescription=""/>
<Item text="CellFormatter" url="spdx/sp-listview-extensibility.api/class/cellformatter" SEODescription=""/>
<Item text="ColumnAccessor" url="spdx/sp-listview-extensibility.api/class/columnaccessor" SEODescription=""/>
<Item text="FieldCustomizerContext" url="spdx/sp-listview-extensibility.api/class/fieldcustomizercontext" SEODescription=""/>
<Item text="ListViewAccessor" url="spdx/sp-listview-extensibility.api/class/listviewaccessor" SEODescription=""/>
<Item text="ListViewCommandSetContext" url="spdx/sp-listview-extensibility.api/class/listviewcommandsetcontext" SEODescription=""/>
<Item text="RowAccessor" url="spdx/sp-listview-extensibility.api/class/rowaccessor" SEODescription=""/>
</Item>
<Item text="Interfaces" url="spdx/sp-listview-extensibility" SEODescription="">
<Item text="IBaseFieldCustomizerProperties" url="spdx/sp-listview-extensibility.api/interface/ibasefieldcustomizerproperties" SEODescription=""/>
<Item text="IBaseListViewCommandSetProperties" url="spdx/sp-listview-extensibility.api/interface/ibaselistviewcommandsetproperties" SEODescription=""/>
<Item text="IFieldCustomizerCellEventParameters" url="spdx/sp-listview-extensibility.api/interface/ifieldcustomizercelleventparameters" SEODescription=""/>
<Item text="IListViewCommandSetExecuteEventParameters" url="spdx/sp-listview-extensibility.api/interface/ilistviewcommandsetexecuteeventparameters" SEODescription=""/>
<Item text="IListViewCommandSetRenderEventParameters" url="spdx/sp-listview-extensibility.api/interface/ilistviewcommandsetrendereventparameters" SEODescription=""/>
</Item>
</Item>
<Item text="sp-http" url="spdx/sp-http-module" SEODescription="">
<Item text="Classes" url="spdx/sp-http" SEODescription="">
<Item text="GraphClientResponse" url="spdx/sp-http.api/class/graphclientresponse" SEODescription=""/>
<Item text="GraphHttpClient" url="spdx/sp-http.api/class/graphhttpclient" SEODescription=""/>
<Item text="GraphHttpClientConfiguration" url="spdx/sp-http.api/class/graphhttpclientconfiguration" SEODescription=""/>
<Item text="HttpClient" url="spdx/sp-http.api/class/httpclient" SEODescription=""/>
<Item text="HttpClientConfiguration" url="spdx/sp-http.api/class/httpclientconfiguration" SEODescription=""/>
<Item text="HttpClientResponse" url="spdx/sp-http.api/class/httpclientresponse" SEODescription=""/>
<Item text="ODataVersion" url="spdx/sp-http.api/class/odataversion" SEODescription=""/>
<Item text="SPHttpClient" url="spdx/sp-http.api/class/sphttpclient" SEODescription=""/>
<Item text="SPHttpClientCommonConfiguration" url="spdx/sp-http.api/class/sphttpclientcommonconfiguration" SEODescription=""/>
<Item text="SPHttpClientConfiguration" url="spdx/sp-http.api/class/sphttpclientconfiguration" SEODescription=""/>
<Item text="SPHttpClientResponse" url="spdx/sp-http.api/class/sphttpclientresponse" SEODescription=""/>
</Item>
<Item text="Interfaces" url="spdx/sp-http" SEODescription="">
<Item text="IGraphHttpClientConfiguration" url="spdx/sp-http.api/interface/igraphhttpclientconfiguration" SEODescription=""/>
<Item text="IGraphHttpClientConfigurations" url="spdx/sp-http.api/interface/igraphhttpclientconfigurations" SEODescription=""/>
<Item text="IGraphHttpClientOptions" url="spdx/sp-http.api/interface/igraphhttpclientoptions" SEODescription=""/>
<Item text="IHttpClientConfiguration" url="spdx/sp-http.api/interface/ihttpclientconfiguration" SEODescription=""/>
<Item text="IHttpClientConfigurations" url="spdx/sp-http.api/interface/ihttpclientconfigurations" SEODescription=""/>
<Item text="IHttpClientOptions" url="spdx/sp-http.api/interface/ihttpclientoptions" SEODescription=""/>
<Item text="ISPHttpClientCommonConfiguration" url="spdx/sp-http.api/interface/isphttpclientcommonconfiguration" SEODescription=""/>
<Item text="ISPHttpClientConfiguration" url="spdx/sp-http.api/interface/isphttpclientconfiguration" SEODescription=""/>
<Item text="ISPHttpClientConfigurations" url="spdx/sp-http.api/interface/isphttpclientconfigurations" SEODescription=""/>
<Item text="ISPHttpClientOptions" url="spdx/sp-http.api/interface/isphttpclientoptions" SEODescription=""/>
</Item>
</Item>
<Item text="sp-webpart-base" url="spdx/sp-webpart-base-module" SEODescription="">
<Item text="Classes" url="spdx/sp-webpart-base" SEODescription="">
<Item text="BaseClientSideWebPart" url="spdx/sp-webpart-base.api/class/baseclientsidewebpart" SEODescription=""/>
</Item>
<Item text="Enumerations" url="spdx/sp-webpart-base" SEODescription="">
<Item text="PropertyPaneButtonType" url="spdx/sp-webpart-base.api/enum/propertypanebuttontype" SEODescription=""/>
<Item text="PropertyPaneFieldType" url="spdx/sp-webpart-base.api/enum/propertypanefieldtype" SEODescription=""/>
</Item>
<Item text="Functions" url="spdx/sp-webpart-base" SEODescription="">
<Item text="PropertyPaneButton" url="spdx/sp-webpart-base.api/function/propertypanebutton" SEODescription=""/>
<Item text="PropertyPaneCheckbox" url="spdx/sp-webpart-base.api/function/propertypanecheckbox" SEODescription=""/>
<Item text="PropertyPaneChoiceGroup" url="spdx/sp-webpart-base.api/function/propertypanechoicegroup" SEODescription=""/>
<Item text="PropertyPaneDropdown" url="spdx/sp-webpart-base.api/function/propertypanedropdown" SEODescription=""/>
<Item text="PropertyPaneHorizontalRule" url="spdx/sp-webpart-base.api/function/propertypanehorizontalrule" SEODescription=""/>
<Item text="PropertyPaneLabel" url="spdx/sp-webpart-base.api/function/propertypanelabel" SEODescription=""/>
<Item text="PropertyPaneLink" url="spdx/sp-webpart-base.api/function/propertypanelink" SEODescription=""/>
<Item text="PropertyPaneSlider" url="spdx/sp-webpart-base.api/function/propertypaneslider" SEODescription=""/>
<Item text="PropertyPaneTextField" url="spdx/sp-webpart-base.api/function/propertypanetextfield" SEODescription=""/>
<Item text="PropertyPaneToggle" url="spdx/sp-webpart-base.api/function/propertypanetoggle" SEODescription=""/>
</Item>
<Item text="Interfaces" url="spdx/sp-webpart-base" SEODescription="">
<Item text="IClientSideWebPartStatusRenderer" url="spdx/sp-webpart-base.api/interface/iclientsidewebpartstatusrenderer" SEODescription=""/>
<Item text="IPlaceholderProps" url="spdx/sp-webpart-base.api/interface/iplaceholderprops" SEODescription=""/>
<Item text="IPlaceholderSpinnerProps" url="spdx/sp-webpart-base.api/interface/iplaceholderspinnerprops" SEODescription=""/>
<Item text="IPropertyPaneAccessor" url="spdx/sp-webpart-base.api/interface/ipropertypaneaccessor" SEODescription=""/>
<Item text="IPropertyPaneButtonProps" url="spdx/sp-webpart-base.api/interface/ipropertypanebuttonprops" SEODescription=""/>
<Item text="IPropertyPaneCheckboxProps" url="spdx/sp-webpart-base.api/interface/ipropertypanecheckboxprops" SEODescription=""/>
<Item text="IPropertyPaneChoiceGroupOption" url="spdx/sp-webpart-base.api/interface/ipropertypanechoicegroupoption" SEODescription=""/>
<Item text="IPropertyPaneChoiceGroupProps" url="spdx/sp-webpart-base.api/interface/ipropertypanechoicegroupprops" SEODescription=""/>
<Item text="IPropertyPaneConfiguration" url="spdx/sp-webpart-base.api/interface/ipropertypaneconfiguration" SEODescription=""/>
<Item text="IPropertyPaneCustomFieldProps" url="spdx/sp-webpart-base.api/interface/ipropertypanecustomfieldprops" SEODescription=""/>
<Item text="IPropertyPaneDropdownOption" url="spdx/sp-webpart-base.api/interface/ipropertypanedropdownoption" SEODescription=""/>
<Item text="IPropertyPaneDropdownProps" url="spdx/sp-webpart-base.api/interface/ipropertypanedropdownprops" SEODescription=""/>
<Item text="IPropertyPaneField" url="spdx/sp-webpart-base.api/interface/ipropertypanefield" SEODescription=""/>
<Item text="IPropertyPaneGroup" url="spdx/sp-webpart-base.api/interface/ipropertypanegroup" SEODescription=""/>
<Item text="IPropertyPaneLabelProps" url="spdx/sp-webpart-base.api/interface/ipropertypanelabelprops" SEODescription=""/>
<Item text="IPropertyPaneLinkProps" url="spdx/sp-webpart-base.api/interface/ipropertypanelinkprops" SEODescription=""/>
<Item text="IPropertyPanePage" url="spdx/sp-webpart-base.api/interface/ipropertypanepage" SEODescription=""/>
<Item text="IPropertyPanePageHeader" url="spdx/sp-webpart-base.api/interface/ipropertypanepageheader" SEODescription=""/>
<Item text="IPropertyPaneSliderProps" url="spdx/sp-webpart-base.api/interface/ipropertypanesliderprops" SEODescription=""/>
<Item text="IPropertyPaneTextFieldProps" url="spdx/sp-webpart-base.api/interface/ipropertypanetextfieldprops" SEODescription=""/>
<Item text="IPropertyPaneToggleProps" url="spdx/sp-webpart-base.api/interface/ipropertypanetoggleprops" SEODescription=""/>
<Item text="ISerializedServerProcessedData" url="spdx/sp-webpart-base.api/interface/iserializedserverprocesseddata" SEODescription=""/>
<Item text="ISerializedWebPartData" url="spdx/sp-webpart-base.api/interface/iserializedwebpartdata" SEODescription=""/>
<Item text="IWebPartContext" url="spdx/sp-webpart-base.api/interface/iwebpartcontext" SEODescription=""/>
<Item text="IWebPartData" url="spdx/sp-webpart-base.api/interface/iwebpartdata" SEODescription=""/>
<Item text="IWebPartPropertiesMetadata" url="spdx/sp-webpart-base.api/interface/iwebpartpropertiesmetadata" SEODescription=""/>
</Item>
</Item>
<Item text="sp-extension-base" url="spdx/sp-extension-base-module" SEODescription="">
<Item text="Classes" url="spdx/sp-extension-base" SEODescription="">
<Item text="BaseComponentContext" url="spdx/sp-extension-base.api/class/basecomponentcontext" SEODescription=""/>
<Item text="BaseExtension" url="spdx/sp-extension-base.api/class/baseextension" SEODescription=""/>
<Item text="ExtensionContext" url="spdx/sp-extension-base.api/class/extensioncontext" SEODescription=""/>
</Item>
<Item text="Interfaces" url="spdx/sp-extension-base" SEODescription="">
<Item text="IBaseExtensionProperties" url="spdx/sp-extension-base.api/interface/ibaseextensionproperties" SEODescription=""/>
</Item>
</Item>
</Item></Menu>